City,Country,Date,Latitude,Longitude,Cloudiness,Humidity,Max Temperature,Wind Speed
Rikitea,PF,2020-05-06 22:48:01,-23.12,-134.97,78,66,74.84,12.19
Cape Town,ZA,2020-05-06 22:46:17,-33.93,18.42,29,93,59.0,3.36
Hermanus,ZA,2020-05-06 22:48:02,-34.42,19.23,37,78,61.79,9.19
Bluff,NZ,2020-05-06 22:48:02,-46.6,168.33,47,78,54.48,28.45
Saskylakh,RU,2020-05-06 22:48:02,71.92,114.08,74,93,5.94,7.56
Nikolskoye,RU,2020-05-06 22:48:02,59.7,30.79,77,65,45.0,11.18
Ushuaia,AR,2020-05-06 22:46:11,-54.8,-68.3,90,75,42.8,3.36
North Myrtle Beach,US,2020-05-06 22:48:03,33.82,-78.68,90,67,60.8,10.29
Kindu,CD,2020-05-06 22:48:03,-2.95,25.95,100,98,71.71,3.74
Sochaczew,PL,2020-05-06 22:48:03,52.23,20.24,35,99,39.0,9.8
Kiryat Gat,IL,2020-05-06 22:48:03,31.61,34.76,0,79,59.0,3.0
Faanui,PF,2020-05-06 22:48:03,-16.48,-151.75,100,77,82.4,14.54
Port Alfred,ZA,2020-05-06 22:48:03,-33.59,26.89,0,82,61.75,4.29
Sibolga,ID,2020-05-06 22:48:03,1.74,98.78,99,60,88.34,1.77
Atuona,PF,2020-05-06 22:48:04,-9.8,-139.03,5,78,81.16,16.64
Mahébourg,MU,2020-05-06 22:48:04,-20.41,57.7,20,94,71.6,2.24
Tuktoyaktuk,CA,2020-05-06 22:44:13,69.45,-133.04,75,85,21.2,10.29
Chokurdakh,RU,2020-05-06 22:44:22,70.63,147.92,91,97,28.9,7.34
Wasilla,US,2020-05-06 22:48:04,61.58,-149.44,75,25,64.4,11.41
Bud,US,2020-05-06 22:48:05,39.45,-86.18,12,60,51.01,5.79
North Platte,US,2020-05-06 22:48:05,41.12,-100.77,1,62,57.0,8.05
Renqiu,CN,2020-05-06 22:48:05,38.7,116.09,100,55,62.49,1.7
Lebu,CL,2020-05-06 22:48:05,-37.62,-73.65,45,80,56.91,15.57
Hilo,US,2020-05-06 22:48:05,19.73,-155.09,40,58,82.4,9.17
Venice of the Philippines,PH,2020-05-06 22:48:05,4.66,119.39,0,69,85.48,3.94
Kapaa,US,2020-05-06 22:48:05,22.08,-159.32,1,74,78.8,17.22
Bad Säckingen,DE,2020-05-06 22:48:06,47.55,7.95,0,87,42.01,2.82
Florianópolis,BR,2020-05-06 22:44:13,-27.61,-48.5,0,55,63.0,8.05
Bathsheba,BB,2020-05-06 22:45:01,13.22,-59.52,40,74,80.6,23.04
Huntington,US,2020-05-06 22:43:25,38.42,-82.45,1,49,48.2,3.36
Talnakh,RU,2020-05-06 22:48:06,69.49,88.4,75,86,30.2,6.71
Kaitangata,NZ,2020-05-06 22:44:08,-46.28,169.85,78,69,57.61,12.17
Avarua,CK,2020-05-06 22:48:06,-21.21,-159.78,15,78,82.4,4.7
Ahome,MX,2020-05-06 22:48:07,25.92,-109.18,10,54,81.0,1.01
Alice Springs,AU,2020-05-06 22:46:10,-23.7,133.88,35,15,82.4,18.34
Ambilobe,MG,2020-05-06 22:48:07,-13.2,49.05,64,81,70.32,2.95
Hithadhoo,MV,2020-05-06 22:48:07,-0.6,73.08,40,78,84.16,11.61
Colares,PT,2020-05-06 22:48:07,38.8,-9.45,100,87,62.01,8.05
Castro,BR,2020-05-06 22:44:16,-24.79,-50.01,81,90,46.38,7.63
Punta Arenas,CL,2020-05-06 22:44:41,-53.15,-70.92,75,100,37.4,5.82
Sonegaon,IN,2020-05-06 22:48:08,20.65,78.68,40,65,78.8,4.7
New Norfolk,AU,2020-05-06 22:48:08,-42.78,147.06,100,64,57.99,6.73
Sherghāti,IN,2020-05-06 22:48:08,24.57,84.78,20,69,78.8,6.29
Saint Paul Harbor,US,2020-05-06 22:48:08,57.79,-152.41,40,70,48.2,10.29
Half Moon Bay,US,2020-05-06 22:48:08,37.46,-122.43,5,27,73.4,11.41
Butaritari,KI,2020-05-06 22:44:09,3.07,172.79,44,77,83.66,9.13
Kavieng,PG,2020-05-06 22:48:09,-2.57,150.8,14,72,84.18,6.11
Bulgan,MN,2020-05-06 22:48:09,48.81,103.53,91,62,43.09,8.37
Vestmanna,FO,2020-05-06 22:48:09,62.16,-7.17,93,75,44.6,13.87
Yellowknife,CA,2020-05-06 22:48:09,62.46,-114.35,75,45,46.4,5.82
Vila do Maio,CV,2020-05-06 22:48:09,15.13,-23.22,20,73,71.6,13.87
Mar del Plata,AR,2020-05-06 22:44:33,-38.0,-57.56,75,93,53.01,4.7
Hong Kong,HK,2020-05-06 22:45:17,22.29,114.16,40,70,86.0,9.17
Mataura,NZ,2020-05-06 22:48:10,-46.19,168.86,88,80,55.47,9.19
Dinghaicun,CN,2020-05-06 22:48:10,26.28,119.79,90,88,69.8,8.95
Rio Grande,BR,2020-05-06 22:44:05,-32.03,-52.1,0,84,53.01,4.0
Albany,US,2020-05-06 22:48:10,42.6,-73.97,100,64,51.01,6.26
Seoul,KR,2020-05-06 22:48:10,37.57,126.98,99,21,75.2,9.17
Busselton,AU,2020-05-06 22:48:10,-33.65,115.33,100,76,63.0,5.01
Puerto Ayora,EC,2020-05-06 22:48:10,-0.74,-90.35,19,93,77.0,1.01
Ponta do Sol,PT,2020-05-06 22:48:11,32.67,-17.1,75,72,64.4,2.24
Barrow,US,2020-05-06 22:48:11,71.29,-156.79,1,78,14.0,13.87
Arraial do Cabo,BR,2020-05-06 22:47:36,-22.97,-42.03,66,83,74.53,17.11
Buchanan,LR,2020-05-06 22:48:11,5.88,-10.05,87,84,80.53,5.57
College,US,2020-05-06 22:48:11,64.86,-147.8,75,26,63.0,6.93
Soe,ID,2020-05-06 22:48:11,-9.86,124.28,32,70,78.46,8.12
Lebedinyy,RU,2020-05-06 22:48:11,58.52,125.52,100,83,41.25,12.3
Parvatsar,IN,2020-05-06 22:48:12,26.88,74.77,0,22,90.18,5.77
Villa María,AR,2020-05-06 22:48:12,-32.41,-63.24,100,79,42.01,3.0
Cabo San Lucas,MX,2020-05-06 22:43:16,22.89,-109.91,5,16,84.2,8.05
Nanortalik,GL,2020-05-06 22:48:12,60.14,-45.24,99,83,39.0,5.44
Naze,JP,2020-05-06 22:48:12,28.37,129.48,75,78,77.0,20.8
Cherskiy,RU,2020-05-06 22:44:48,68.75,161.3,100,86,34.86,5.17
Bilibino,RU,2020-05-06 22:45:10,68.05,166.44,100,89,31.71,2.71
Namatanai,PG,2020-05-06 22:48:13,-3.67,152.43,82,67,85.41,2.98
Collie,AU,2020-05-06 22:48:13,-33.37,116.15,82,77,57.99,8.01
Thompson,CA,2020-05-06 22:48:13,55.74,-97.86,5,42,30.2,5.82
Wilmington,US,2020-05-06 22:48:13,34.23,-77.94,75,87,59.0,11.41
Hasaki,JP,2020-05-06 22:48:14,35.73,140.83,40,51,69.01,12.75
Khatanga,RU,2020-05-06 22:48:14,71.97,102.5,100,91,14.34,13.09
Kodinsk,RU,2020-05-06 22:48:14,58.69,99.18,100,84,42.66,2.89
Tuatapere,NZ,2020-05-06 22:48:14,-46.13,167.68,65,72,57.02,12.66
Dingle,PH,2020-05-06 22:48:14,11.0,122.67,47,51,93.36,4.47
Khani,GE,2020-05-06 22:48:14,41.96,42.96,90,93,55.4,11.41
San Patricio,MX,2020-05-06 22:48:15,19.22,-104.7,0,76,74.53,1.77
Harper,LR,2020-05-06 22:45:11,4.38,-7.72,67,85,80.26,5.53
Taoudenni,ML,2020-05-06 22:48:15,22.68,-3.98,15,21,89.74,1.63
Upernavik,GL,2020-05-06 22:48:15,72.79,-56.15,100,94,18.63,7.0
Thinadhoo,MV,2020-05-06 22:43:48,0.53,72.93,4,80,84.22,12.86
Clyde River,CA,2020-05-06 22:48:15,70.47,-68.59,1,91,1.4,3.36
Ube,JP,2020-05-06 22:48:16,33.94,131.25,75,45,68.0,10.29
Fort-Shevchenko,KZ,2020-05-06 22:48:16,44.51,50.26,100,46,69.51,15.21
Noumea,NC,2020-05-06 22:48:16,-22.28,166.46,100,77,69.8,14.99
Tasiilaq,GL,2020-05-06 22:48:16,65.61,-37.64,1,80,30.2,16.11
Ilulissat,GL,2020-05-06 22:48:16,69.22,-51.1,0,63,30.2,5.82
Petropavlovka,RU,2020-05-06 22:48:16,50.61,105.32,19,42,51.3,8.1
Lethem,GY,2020-05-06 22:48:17,3.38,-59.8,100,85,77.23,5.03
Dumas,US,2020-05-06 22:48:17,35.87,-101.97,1,25,66.99,12.75
Bengkulu,ID,2020-05-06 22:48:17,-3.8,102.27,96,67,86.02,2.73
Saint-Philippe,RE,2020-05-06 22:48:17,-21.36,55.77,42,73,73.4,8.05
Vaini,TO,2020-05-06 22:48:17,-21.2,-175.2,75,88,78.8,11.41
Dikson,RU,2020-05-06 22:44:17,73.51,80.55,86,93,7.74,8.03
Waipawa,NZ,2020-05-06 22:44:12,-41.41,175.52,11,59,60.8,20.8
Prince Rupert,CA,2020-05-06 22:45:40,54.32,-130.32,23,72,50.2,5.99
Cayenne,GF,2020-05-06 22:48:18,4.93,-52.33,64,100,77.0,2.24
Jamestown,US,2020-05-06 22:45:44,42.1,-79.24,1,60,39.2,8.05
Aginskoye,RU,2020-05-06 22:48:18,51.1,114.53,0,44,51.1,19.15
Provideniya,RU,2020-05-06 22:48:18,64.38,-173.3,90,80,30.2,4.47
Airai,TL,2020-05-06 22:48:18,-8.93,125.41,33,88,71.04,4.32
Yumen,CN,2020-05-06 22:48:19,40.28,97.2,100,59,45.95,3.85
Aksarka,RU,2020-05-06 22:48:19,66.56,67.8,100,99,30.27,11.54
Nouadhibou,MR,2020-05-06 22:48:19,20.93,-17.03,0,88,64.4,13.87
Husavik,IS,2020-05-06 22:44:02,66.04,-17.34,90,78,42.8,11.41
Westport,US,2020-05-06 22:44:01,41.14,-73.36,100,94,44.01,2.53
Sittwe,MM,2020-05-06 22:48:19,20.15,92.9,2,71,85.77,10.02
Oranienburg,DE,2020-05-06 22:48:19,52.75,13.23,75,81,45.0,9.17
Skjervøy,NO,2020-05-06 22:48:20,70.03,20.97,100,93,39.11,34.63
Kashiwazaki,JP,2020-05-06 22:48:20,37.37,138.55,22,60,60.01,1.99
Tual,ID,2020-05-06 22:48:20,-5.67,132.75,50,76,83.21,19.95
Lorengau,PG,2020-05-06 22:48:20,-2.02,147.27,41,76,84.42,6.22
Touros,BR,2020-05-06 22:48:20,-5.2,-35.46,40,94,75.2,3.36
Boa Vista,BR,2020-05-06 22:44:58,2.82,-60.67,40,88,77.0,4.7
Qaanaaq,GL,2020-05-06 22:44:14,77.48,-69.36,100,91,10.47,4.45
The Valley,AI,2020-05-06 22:45:57,18.22,-63.06,20,74,82.4,11.41
San Quintín,MX,2020-05-06 22:48:21,30.48,-115.95,0,64,69.13,5.59
Rodrigues Alves,BR,2020-05-06 22:44:39,-7.74,-72.65,97,95,74.12,0.96
Tiksi,RU,2020-05-06 22:48:21,71.69,128.87,98,96,22.05,13.82
Austin,US,2020-05-06 22:43:16,30.27,-97.74,1,31,75.2,6.04
Meulaboh,ID,2020-05-06 22:48:21,4.14,96.13,100,66,86.86,0.72
Esperance,AU,2020-05-06 22:48:22,-33.87,121.9,90,62,57.2,21.92
Mangan,IN,2020-05-06 22:48:22,27.52,88.53,1,36,74.32,4.45
Camacha,PT,2020-05-06 22:48:22,33.08,-16.33,40,88,62.6,4.7
Erzin,TR,2020-05-06 22:48:22,36.96,36.2,46,84,66.99,18.01
Hobart,AU,2020-05-06 22:44:08,-42.88,147.33,75,72,59.0,10.29
Quatre Cocos,MU,2020-05-06 22:48:22,-20.21,57.76,20,94,73.99,2.24
Warmbad,NA,2020-05-06 22:48:22,-28.45,18.73,0,25,65.08,10.83
Sterling,US,2020-05-06 22:48:23,39.01,-77.43,90,70,46.4,18.34
Magomeni,TZ,2020-05-06 22:48:23,-6.8,39.25,5,85,74.86,9.31
Port Elizabeth,ZA,2020-05-06 22:48:23,-33.92,25.57,40,88,62.6,6.93
Homer,US,2020-05-06 22:48:23,59.64,-151.55,1,66,53.01,13.87
Buraidah,SA,2020-05-06 22:48:23,26.33,43.98,67,37,71.6,9.17
Mount Gambier,AU,2020-05-06 22:44:26,-37.83,140.77,75,48,62.6,17.22
Tyristrand,NO,2020-05-06 22:48:24,60.08,10.1,92,61,42.01,1.41
Calvinia,ZA,2020-05-06 22:48:24,-31.47,19.78,49,32,59.25,5.14
Mandalgovi,MN,2020-05-06 22:48:24,45.76,106.27,74,46,46.67,13.62
Bien Hoa,VN,2020-05-06 22:48:24,10.95,106.82,40,63,91.4,8.05
Srandakan,ID,2020-05-06 22:48:24,-7.94,110.25,100,71,83.35,6.62
Mahibadhoo,MV,2020-05-06 22:48:24,3.78,72.97,0,75,84.65,10.69
Havøysund,NO,2020-05-06 22:48:25,71.0,24.66,98,93,35.6,27.51
Saint George,US,2020-05-06 22:45:40,37.1,-113.58,1,8,87.8,6.93
Sioux Lookout,CA,2020-05-06 22:48:25,50.1,-91.92,20,35,41.0,8.05
Melo,UY,2020-05-06 22:48:25,-32.37,-54.18,0,89,44.46,7.83
Sault Ste. Marie,CA,2020-05-06 22:44:48,46.52,-84.33,1,69,37.4,4.7
Mazyr,BY,2020-05-06 22:48:25,52.05,29.25,100,95,50.36,9.46
Lüderitz,NA,2020-05-06 22:48:25,-26.65,15.16,0,27,71.73,6.76
Bambous Virieux,MU,2020-05-06 22:44:14,-20.34,57.76,20,94,73.99,2.24
Riverton,US,2020-05-06 22:46:49,40.52,-111.94,1,48,60.8,13.87
Juchipila,MX,2020-05-06 22:48:26,21.42,-103.12,28,31,79.41,9.6
Rocky Mountain House,CA,2020-05-06 22:48:26,52.37,-114.92,100,64,49.6,7.11
Linjiang,CN,2020-05-06 22:48:26,41.81,126.91,100,24,70.0,6.93
Beloha,MG,2020-05-06 22:48:26,-25.17,45.05,0,95,61.95,1.7
Young,UY,2020-05-06 22:48:27,-32.68,-57.63,85,72,50.83,3.42
Bredasdorp,ZA,2020-05-06 22:48:27,-34.53,20.04,69,93,50.0,1.12
Krasnovishersk,RU,2020-05-06 22:48:27,60.41,57.08,86,68,56.28,6.8
Tsabong,BW,2020-05-06 22:48:27,-26.02,22.4,0,31,59.79,7.2
Nkhotakota,MW,2020-05-06 22:48:27,-12.93,34.3,74,75,70.63,13.8
Teya,RU,2020-05-06 22:48:27,60.38,92.63,100,87,41.76,2.84
Cardston,CA,2020-05-06 22:48:28,49.2,-113.3,90,81,51.8,9.17
Ribeira Grande,PT,2020-05-06 22:48:28,38.52,-28.7,62,89,62.49,11.36
Caledon,ZA,2020-05-06 22:48:28,-34.23,19.43,14,82,56.82,5.32
Chapais,CA,2020-05-06 22:48:28,49.78,-74.85,90,64,35.6,5.82
Madang,PG,2020-05-06 22:48:28,-5.22,145.8,100,65,87.33,1.79
Carnarvon,AU,2020-05-06 22:44:07,-24.87,113.63,0,45,67.8,17.98
Ponta Delgada,PT,2020-05-06 22:48:28,37.73,-25.67,40,93,62.6,9.17
Souillac,MU,2020-05-06 22:48:29,-20.52,57.52,20,94,71.6,2.24
Panzhihua,CN,2020-05-06 22:48:29,26.59,101.71,16,27,80.01,2.86
Bykovo,RU,2020-05-06 22:48:29,55.64,38.08,40,87,57.0,4.47
Hambantota,LK,2020-05-06 22:48:29,6.12,81.12,65,72,84.22,8.28
Ranau,MY,2020-05-06 22:48:29,5.95,116.66,20,75,89.6,5.82
Phuket,TH,2020-05-06 22:48:30,8.0,98.25,20,79,86.0,5.82
Nishihara,JP,2020-05-06 22:48:30,26.18,127.76,75,65,80.6,12.75
Mersing,MY,2020-05-06 22:48:30,2.43,103.84,40,84,86.0,2.24
Karratha,AU,2020-05-06 22:48:30,-20.74,116.85,0,28,88.05,14.58
Zhigalovo,RU,2020-05-06 22:48:30,54.81,105.16,94,59,48.02,11.01
Karema,TZ,2020-05-06 22:48:31,-6.82,30.44,72,79,70.99,8.88
Port Hardy,CA,2020-05-06 22:44:15,50.7,-127.42,75,71,51.8,10.29
Kislovodsk,RU,2020-05-06 22:48:31,43.91,42.72,90,93,55.4,6.71
Severo-Kuril'sk,RU,2020-05-06 22:48:31,50.68,156.12,31,79,37.44,16.17
Alofi,NU,2020-05-06 22:48:31,-19.06,-169.92,75,74,86.0,6.93
Belmonte,BR,2020-05-06 22:48:32,-15.86,-38.88,40,83,75.2,5.82
Baker City,US,2020-05-06 22:46:03,44.77,-117.83,75,37,51.8,13.87
Mount Isa,AU,2020-05-06 22:48:32,-20.73,139.5,0,32,82.4,9.17
Bosilegrad,RS,2020-05-06 22:48:32,42.5,22.47,50,82,39.94,4.05
Berbera,SO,2020-05-06 22:48:32,10.44,45.01,76,71,86.45,4.97
Uyskoye,RU,2020-05-06 22:48:33,54.38,60.0,0,45,60.31,3.62
Tateyama,JP,2020-05-06 22:46:07,34.98,139.87,20,48,72.0,21.92
Isangel,VU,2020-05-06 22:48:33,-19.55,169.27,90,88,71.6,14.99
Laas,IT,2020-05-06 22:48:33,46.62,10.7,5,80,39.2,3.36
Leningradskiy,RU,2020-05-06 22:48:33,69.38,178.42,65,92,32.34,6.08
Benghazi,LY,2020-05-06 22:48:33,32.12,20.07,0,37,69.66,12.88
Santiago,CL,2020-05-06 22:43:34,-33.46,-70.65,34,23,55.4,4.7
Grand Gaube,MU,2020-05-06 22:48:33,-20.01,57.66,52,86,73.99,5.99
Dudinka,RU,2020-05-06 22:48:34,69.41,86.18,75,86,30.2,6.71
Verkhoyansk,RU,2020-05-06 22:48:34,67.54,133.38,100,93,34.93,7.36
Kismayo,SO,2020-05-06 22:48:34,-0.36,42.55,79,81,80.22,10.96
Port Hedland,AU,2020-05-06 22:48:34,-20.32,118.57,2,25,89.6,11.41
Longyearbyen,SJ,2020-05-06 22:48:34,78.22,15.64,40,74,30.2,13.87
Okha,RU,2020-05-06 22:48:34,53.57,142.95,0,54,46.99,6.51
Kiunga,PG,2020-05-06 22:48:35,-6.12,141.29,87,95,78.57,5.41
Ola,RU,2020-05-06 22:48:35,59.58,151.28,100,69,39.0,4.29
Formosa,AR,2020-05-06 22:48:35,-26.18,-58.18,0,93,50.0,2.24
Talcahuano,CL,2020-05-06 22:48:35,-36.72,-73.12,75,87,53.6,4.7
Grão Mogol,BR,2020-05-06 22:48:35,-16.56,-42.89,100,80,65.12,1.5
San Cristobal,VE,2020-05-06 22:48:35,7.77,-72.22,91,83,68.59,2.82
Mossamedes,AO,2020-05-06 22:44:31,-15.2,12.15,77,72,78.71,5.08
Neiafu,TO,2020-05-06 22:48:36,-18.65,-173.98,40,79,86.0,3.36
Kidal,ML,2020-05-06 22:44:47,18.44,1.41,0,14,82.98,10.25
Sistranda,NO,2020-05-06 22:48:36,63.73,8.83,75,86,39.2,17.22
Diamantino,BR,2020-05-06 22:48:36,-14.41,-56.45,100,93,70.18,5.35
Poyarkovo,RU,2020-05-06 22:48:36,49.6,128.68,100,23,70.95,16.22
Shimoda,JP,2020-05-06 22:48:36,34.67,138.95,20,48,64.4,21.92
Kabelvåg,NO,2020-05-06 22:48:37,68.21,14.48,99,83,36.0,8.01
Ambon City,ID,2020-05-06 22:48:37,-3.7,128.18,40,66,89.6,4.7
Goderich,CA,2020-05-06 22:48:37,43.75,-81.72,0,69,44.01,6.89
Nikolayevskaya,RU,2020-05-06 22:48:37,47.61,41.5,100,90,55.22,6.58
Cidreira,BR,2020-05-06 22:48:37,-30.18,-50.21,19,76,59.07,14.29
Voss,NO,2020-05-06 22:48:37,60.62,6.42,92,91,39.0,0.81
Vila Franca do Campo,PT,2020-05-06 22:48:37,37.72,-25.43,40,93,62.6,9.17
Laguna,US,2020-05-06 22:48:38,38.42,-121.42,1,9,82.4,16.11
Nizhniy Baskunchak,RU,2020-05-06 22:48:38,48.22,46.83,100,66,63.91,14.16
Lakes Entrance,AU,2020-05-06 22:48:38,-37.88,147.98,88,52,69.01,11.99
Sirte,LY,2020-05-06 22:48:38,31.21,16.59,59,27,76.03,12.06
Zhezkazgan,KZ,2020-05-06 22:48:38,47.8,67.71,75,49,46.4,13.42
Pyu,MM,2020-05-06 22:48:38,18.48,96.43,4,41,96.85,8.59
Mudgee,AU,2020-05-06 22:48:39,-32.59,149.59,100,72,64.99,10.29
George Town,MY,2020-05-06 22:44:10,5.41,100.34,20,79,87.8,2.24
Aklavik,CA,2020-05-06 22:44:05,68.22,-135.01,90,73,26.6,4.7
Broome,US,2020-05-06 22:44:19,42.25,-75.83,90,89,43.0,8.05
Miramar,US,2020-05-06 22:47:53,25.99,-80.23,1,57,80.6,14.99
Natal,BR,2020-05-06 22:46:43,-5.79,-35.21,40,94,75.2,3.36
Batavia,US,2020-05-06 22:48:39,41.85,-88.31,1,58,54.0,6.93
São Raimundo das Mangabeiras,BR,2020-05-06 22:48:40,-7.02,-45.48,78,86,74.82,2.3
Kakuda,JP,2020-05-06 22:48:40,37.97,140.78,75,39,62.6,18.34
Pontianak,ID,2020-05-06 22:48:40,-0.03,109.33,20,79,84.2,3.36
Dzilam González,MX,2020-05-06 22:44:17,21.28,-88.93,86,78,82.0,6.91
Krasnogorskoye,RU,2020-05-06 22:48:40,52.3,86.2,73,50,56.12,13.47
Xinpu,CN,2020-05-06 22:48:40,34.6,119.16,10,54,73.53,12.08
Huntsville,US,2020-05-06 22:45:40,34.73,-86.59,1,76,48.2,5.73
Piaçabuçu,BR,2020-05-06 22:48:41,-10.41,-36.43,77,88,77.85,6.42
Charters Towers,AU,2020-05-06 22:48:41,-20.1,146.27,95,52,76.75,10.74
Tūkrah,LY,2020-05-06 22:48:41,32.53,20.58,0,26,69.57,13.0
Manche,FR,2020-05-06 22:48:41,49.0,-1.17,75,51,55.0,4.43
Acapulco de Juárez,MX,2020-05-06 22:48:41,16.86,-99.89,75,83,78.8,5.82
Salina Cruz,MX,2020-05-06 22:48:41,16.17,-95.2,45,58,86.74,20.29
Finschhafen,PG,2020-05-06 22:48:42,-6.6,147.87,100,90,77.85,6.24
Çubuk,TR,2020-05-06 22:48:42,40.24,33.03,40,81,50.0,3.36
Shelton,US,2020-05-06 22:48:42,41.32,-73.09,90,87,46.4,1.57
Sekichō-furumaya,JP,2020-05-06 22:48:42,34.85,136.4,20,48,71.01,14.99
Yerbogachën,RU,2020-05-06 22:48:42,61.28,108.01,100,91,32.14,9.19
Faya,SA,2020-05-06 22:48:42,18.39,42.45,80,82,64.4,2.51
Abapó,BO,2020-05-06 22:48:42,-18.83,-63.47,100,54,52.86,2.75
Micheweni,TZ,2020-05-06 22:48:43,-4.97,39.83,54,86,78.51,14.74
Dhārchula,IN,2020-05-06 22:48:43,29.85,80.53,99,58,60.94,2.86
Kyren,RU,2020-05-06 22:48:43,51.68,102.14,16,45,50.92,2.19
Coahuayana Viejo,MX,2020-05-06 22:48:43,18.73,-103.68,0,74,73.71,2.28
Labuhan,ID,2020-05-06 22:48:43,-6.88,112.21,79,71,85.71,7.05
Bethel,US,2020-05-06 22:48:43,41.37,-73.41,90,75,44.6,2.48
Sherman,US,2020-05-06 22:48:44,33.64,-96.61,1,63,66.99,3.36
Boyolangu,ID,2020-05-06 22:48:44,-8.12,111.89,100,77,82.9,7.58
Eureka,US,2020-05-06 22:47:43,40.8,-124.16,0,74,60.01,5.99
Hay River,CA,2020-05-06 22:48:44,60.82,-115.8,40,87,42.8,8.05
São Filipe,CV,2020-05-06 22:44:04,14.9,-24.5,79,75,73.81,12.86
East London,ZA,2020-05-06 22:48:45,-33.02,27.91,7,76,63.55,4.36
Norman Wells,CA,2020-05-06 22:48:45,65.28,-126.83,20,52,46.4,14.99
Mascota,MX,2020-05-06 22:48:45,20.52,-104.78,20,78,78.8,6.93
Manicoré,BR,2020-05-06 22:48:45,-5.81,-61.3,100,94,77.0,1.12
Shache,CN,2020-05-06 22:48:45,38.42,77.24,100,58,60.12,18.97
Okato,NZ,2020-05-06 22:48:45,-39.2,173.88,62,61,61.0,8.01
Lompoc,US,2020-05-06 22:44:06,34.64,-120.46,1,59,66.99,14.99
Pevek,RU,2020-05-06 22:48:46,69.7,170.31,99,88,33.42,17.58
Rudnogorsk,RU,2020-05-06 22:48:46,57.26,103.75,100,80,43.02,9.8
Ukiah,US,2020-05-06 22:48:46,39.15,-123.21,1,25,73.4,6.93
Brigham City,US,2020-05-06 22:48:46,41.51,-112.02,1,21,59.0,25.28
Kafanchan,NG,2020-05-06 22:48:47,9.58,8.3,79,78,73.99,3.62
Kearney,US,2020-05-06 22:48:47,40.7,-99.08,1,57,55.4,8.05
Atambua,ID,2020-05-06 22:48:47,-9.11,124.89,18,70,82.99,1.9
Mananjary,MG,2020-05-06 22:48:47,-21.22,48.33,42,92,69.8,4.81
Sumbe,AO,2020-05-06 22:48:47,-11.21,13.84,89,86,78.49,4.18
São José da Coroa Grande,BR,2020-05-06 22:48:48,-8.9,-35.15,100,85,78.44,7.36
Lawrenceburg,US,2020-05-06 22:45:15,38.04,-84.9,1,74,44.6,5.7
Narsaq,GL,2020-05-06 22:48:48,60.92,-46.05,75,80,41.0,4.7
Rocha,UY,2020-05-06 22:45:26,-34.48,-54.33,39,88,47.3,6.42
Te Anau,NZ,2020-05-06 22:48:48,-45.42,167.72,89,82,54.23,5.48
Chui,UY,2020-05-06 22:44:25,-33.7,-53.46,27,90,50.95,8.14
Gimli,CA,2020-05-06 22:44:06,50.63,-96.99,0,52,41.0,5.01
Havelock,US,2020-05-06 22:48:49,34.88,-76.9,32,86,57.99,3.0
George Town,MY,2020-05-06 22:48:49,5.41,100.34,20,79,87.8,2.24
Kutum,SD,2020-05-06 22:48:49,14.2,24.67,95,23,71.46,12.35
Lodwar,KE,2020-05-06 22:48:49,3.12,35.6,2,65,81.0,14.67
Iroquois Falls,CA,2020-05-06 22:48:49,48.77,-80.68,5,63,30.2,9.17
Nichinan,JP,2020-05-06 22:48:50,31.6,131.37,20,38,73.4,19.46
Trofors,NO,2020-05-06 22:48:50,65.53,13.41,100,80,39.2,6.93
Key Largo,US,2020-05-06 22:48:08,25.09,-80.45,0,65,78.01,7.0
Kendari,ID,2020-05-06 22:48:50,-3.94,122.5,100,93,78.26,6.4
Gazojak,TM,2020-05-06 22:48:50,41.19,61.4,99,40,74.53,15.79
Mikkeli,FI,2020-05-06 22:48:50,61.69,27.27,0,69,37.0,2.24
Sakakah,SA,2020-05-06 22:48:51,29.97,40.21,0,44,60.8,5.28
Saint-François,FR,2020-05-06 22:48:51,46.42,3.91,3,87,46.4,2.48
Port Lincoln,AU,2020-05-06 22:48:51,-34.73,135.87,14,63,64.4,28.1
Bontang,ID,2020-05-06 22:48:51,0.13,117.5,1,66,87.28,5.37
Sinnamary,GF,2020-05-06 22:48:51,5.38,-52.95,70,88,78.75,13.44
Dīnhāta,IN,2020-05-06 22:48:51,26.13,89.47,0,38,88.07,2.73
Kudahuvadhoo,MV,2020-05-06 22:48:51,2.67,72.89,0,76,84.15,13.78
Khorramshahr,IR,2020-05-06 22:48:52,30.44,48.17,0,60,71.6,2.24
Sydney,AU,2020-05-06 22:48:52,-33.87,151.21,100,46,72.0,9.17
Sola,VU,2020-05-06 22:48:52,-13.88,167.55,58,81,78.8,17.98
Carndonagh,IE,2020-05-06 22:48:52,55.25,-7.27,1,83,42.78,5.28
Praia da Vitória,PT,2020-05-06 22:44:46,38.73,-27.07,40,87,60.8,9.1
Salinópolis,BR,2020-05-06 22:45:07,-0.61,-47.36,97,86,80.37,10.92
Gravdal,NO,2020-05-06 22:48:52,68.12,13.5,100,86,34.81,22.06
Pangnirtung,CA,2020-05-06 22:48:52,66.15,-65.71,0,86,13.86,3.65
Salalah,OM,2020-05-06 22:48:53,17.02,54.09,20,78,82.4,3.36
Codrington,AU,2020-05-06 22:48:53,-38.27,141.97,98,46,65.66,19.51
Bubaque,GW,2020-05-06 22:48:53,11.28,-15.83,0,75,78.33,13.04
Marabu,MY,2020-05-06 22:48:53,4.41,114.01,75,79,89.6,4.7
Port Blair,IN,2020-05-06 22:48:53,11.67,92.75,88,72,86.58,7.96
Nouakchott,MR,2020-05-06 22:48:53,18.09,-15.98,0,88,68.0,11.41
Tripoli,LY,2020-05-06 22:46:26,32.88,13.19,60,53,74.19,12.73
Guerrero Negro,MX,2020-05-06 22:44:31,27.98,-114.06,0,64,70.07,14.85
Malatya Province,TR,2020-05-06 22:48:54,38.5,38.0,1,81,42.8,4.7
Chicama,PE,2020-05-06 22:48:54,-7.84,-79.15,65,73,71.62,4.54
Kirakira,SB,2020-05-06 22:48:54,-10.45,161.92,21,73,83.03,7.87
La Ronge,CA,2020-05-06 22:44:55,55.1,-105.28,40,31,46.4,10.29
Ploemeur,FR,2020-05-06 22:48:54,47.73,-3.43,95,93,55.0,5.82
Morón,AR,2020-05-06 22:48:54,-34.65,-58.62,48,100,57.99,5.32
Plettenberg Bay,ZA,2020-05-06 22:48:55,-34.05,23.37,6,67,61.7,2.89
Kieta,PG,2020-05-06 22:48:55,-6.22,155.63,89,69,84.56,4.07
Claveria,PH,2020-05-06 22:48:55,18.61,121.08,61,59,88.79,7.76
Maracaçumé,BR,2020-05-06 22:46:42,-2.04,-45.96,60,97,73.89,2.3
Maināguri,IN,2020-05-06 22:48:55,26.57,88.82,0,33,89.26,2.24
Keflavik,IS,2020-05-06 22:48:55,64.0,-22.56,90,100,42.8,14.99
Acala,MX,2020-05-06 22:48:56,16.57,-92.8,75,61,82.4,10.29
Constitución,CL,2020-05-06 22:46:51,-35.33,-72.42,82,44,57.7,5.57
Tautira,PF,2020-05-06 22:44:36,-17.73,-149.15,100,58,82.4,14.99
Saint-Pierre,RE,2020-05-06 22:48:56,-21.34,55.48,19,73,73.4,8.05
Khuzdar,PK,2020-05-06 22:44:09,27.74,66.64,64,15,80.4,3.98
Tigil',RU,2020-05-06 22:48:56,57.8,158.67,100,90,36.19,7.83
Iqaluit,CA,2020-05-06 22:48:57,63.75,-68.51,75,78,14.0,3.36
Saldanha,ZA,2020-05-06 22:48:57,-33.01,17.94,88,72,60.8,1.12
Banjar,ID,2020-05-06 22:48:57,-8.19,114.97,20,89,86.0,8.05
Rawlins,US,2020-05-06 22:48:57,41.79,-107.24,1,13,62.6,18.34
Deputatsky,RU,2020-05-06 22:48:57,69.3,139.9,80,96,25.36,3.51
Strezhevoy,RU,2020-05-06 22:48:57,60.73,77.59,13,61,46.4,6.71
Dubai,AE,2020-05-06 22:48:46,25.26,55.3,0,21,84.2,4.7
Kopervik,NO,2020-05-06 22:48:58,59.28,5.31,13,87,42.8,3.36
Robertsport,LR,2020-05-06 22:48:58,6.75,-11.37,59,87,80.38,7.4
Eyrarbakki,IS,2020-05-06 22:48:58,63.86,-21.15,90,100,42.8,12.75
Merauke,ID,2020-05-06 22:48:59,-8.47,140.33,54,68,84.45,10.49
Monrovia,LR,2020-05-06 22:48:45,6.3,-10.8,56,84,80.71,5.61
Kuusamo,FI,2020-05-06 22:48:59,65.97,29.18,0,92,24.8,1.12
Vágur,FO,2020-05-06 22:48:59,61.47,-6.81,98,78,44.8,15.88
Kahului,US,2020-05-06 22:48:59,20.89,-156.47,40,61,80.6,18.34
Srednekolymsk,RU,2020-05-06 22:48:59,67.45,153.68,98,96,31.57,4.79
Begunitsy,RU,2020-05-06 22:48:59,59.59,29.32,56,65,44.6,11.18
Kumluca,TR,2020-05-06 22:49:00,36.37,30.29,4,65,63.32,2.1
Bitung,ID,2020-05-06 22:49:00,1.45,125.18,20,63,91.4,2.24
Mogok,MM,2020-05-06 22:49:00,22.92,96.5,76,60,77.23,1.36
Coquimbo,CL,2020-05-06 22:49:00,-29.95,-71.34,0,93,53.6,4.7
Cheremkhovo,RU,2020-05-06 22:49:00,53.16,103.07,24,41,52.25,8.37
Hobyo,SO,2020-05-06 22:49:01,5.35,48.53,13,73,83.8,7.0
Batagay-Alyta,RU,2020-05-06 22:49:01,67.8,130.41,100,96,22.75,12.08
Ostrovnoy,RU,2020-05-06 22:49:01,68.05,39.51,95,88,34.5,11.68
Geraldton,AU,2020-05-06 22:44:19,-28.77,114.6,90,55,64.4,11.41
Amapá,BR,2020-05-06 22:49:01,1.0,-52.0,53,98,72.82,2.17
Valdemārpils,LV,2020-05-06 22:49:01,57.37,22.59,34,87,42.8,5.82
Russell,US,2020-05-06 22:45:35,32.35,-85.2,1,51,60.8,17.22
Yarensk,RU,2020-05-06 22:49:02,62.17,49.09,5,84,53.37,9.55
Sohag,EG,2020-05-06 22:44:35,26.56,31.69,0,42,66.2,6.93
Velyka Lepetykha,UA,2020-05-06 22:49:02,47.18,33.94,26,82,46.89,6.73
Enid,US,2020-05-06 22:49:02,36.4,-97.88,1,54,62.6,8.05
Adrar,MR,2020-05-06 22:49:02,20.5,-10.07,21,12,87.69,7.65
Huarmey,PE,2020-05-06 22:49:02,-10.07,-78.15,84,75,70.05,6.98
Balad,IQ,2020-05-06 22:49:02,34.02,44.15,0,54,68.13,8.63
Ełk,PL,2020-05-06 22:49:03,53.83,22.36,5,97,36.79,8.75
Petropavlovsk-Kamchatskiy,RU,2020-05-06 22:49:03,53.05,158.65,40,39,46.4,17.9
Ikwiriri,TZ,2020-05-06 22:49:03,-7.96,38.97,54,96,69.94,2.28
Al Bardīyah,LY,2020-05-06 22:49:03,31.76,25.09,0,36,66.15,10.67
Beringovskiy,RU,2020-05-06 22:49:03,63.05,179.32,95,96,32.63,10.98
Roskilde,DK,2020-05-06 22:49:03,55.64,12.08,73,93,46.0,6.93
Chara,RU,2020-05-06 22:49:04,56.91,118.26,100,68,40.53,2.57
Fukuechō,JP,2020-05-06 22:49:04,32.69,128.84,26,46,69.8,18.34
Manono,CD,2020-05-06 22:49:04,-7.3,27.42,0,83,67.51,3.29
Tabou,CI,2020-05-06 22:49:04,4.42,-7.35,98,88,79.88,5.41
Tari,NG,2020-05-06 22:49:04,12.41,4.49,38,13,86.38,5.39
Ust-Nera,RU,2020-05-06 22:49:05,64.57,143.2,95,87,34.05,2.51
Kavaratti,IN,2020-05-06 22:49:05,10.57,72.64,97,69,85.78,2.93
Sandpoint,US,2020-05-06 22:49:05,48.28,-116.55,90,87,44.01,5.82
Sestri Levante,IT,2020-05-06 22:49:05,44.27,9.4,0,79,62.01,7.16
Papillion,US,2020-05-06 22:49:05,41.15,-96.04,1,62,52.0,6.51
Irkutsk,RU,2020-05-06 22:49:05,52.3,104.3,6,30,53.6,6.71
Richards Bay,ZA,2020-05-06 22:49:05,-28.78,32.04,98,76,65.5,7.16
León,MX,2020-05-06 22:45:20,21.12,-101.67,75,43,69.8,11.41
Rājgīr,IN,2020-05-06 22:46:44,25.03,85.42,20,69,78.8,6.69
Bonavista,CA,2020-05-06 22:49:06,48.65,-53.11,96,85,33.01,5.93
Mandan,US,2020-05-06 22:49:06,46.83,-100.89,1,50,57.99,5.82
Daru,PG,2020-05-06 22:49:06,-9.08,143.21,63,70,82.47,16.33
Abu Samrah,SY,2020-05-06 22:49:06,35.3,37.18,0,87,56.64,10.92
Prijepolje,RS,2020-05-06 22:49:06,43.37,19.64,93,75,37.4,5.82
Ōme,JP,2020-05-06 22:49:06,35.78,139.24,1,30,69.01,16.11
Atasū,KZ,2020-05-06 22:49:06,48.68,71.64,98,40,54.05,13.94
Sungai Raya,ID,2020-05-06 22:49:07,0.7,108.9,1,63,88.97,5.3
Cap Malheureux,MU,2020-05-06 22:49:07,-19.98,57.61,54,86,73.99,4.0
Senj,HR,2020-05-06 22:49:07,44.99,14.91,34,74,44.01,5.01
Yulara,AU,2020-05-06 22:45:00,-25.24,130.99,0,10,78.8,9.17
Labytnangi,RU,2020-05-06 22:49:07,66.66,66.42,100,99,29.57,8.21
Great Yarmouth,GB,2020-05-06 22:49:07,52.61,1.73,0,99,44.01,4.34
Fortuna,US,2020-05-06 22:49:07,40.6,-124.16,20,81,57.0,10.29
Torbay,CA,2020-05-06 22:49:08,47.67,-52.73,90,93,37.0,11.41
Novy Urengoy,RU,2020-05-06 22:49:08,66.08,76.63,62,97,22.5,4.43
Palu,ID,2020-05-06 22:49:08,-0.89,119.87,8,48,92.97,2.51
Tilichiki,RU,2020-05-06 22:49:08,60.47,166.1,100,100,31.91,12.26
Saint-Augustin,CA,2020-05-06 22:49:08,51.23,-58.65,100,95,33.84,7.09
São Félix do Xingu,BR,2020-05-06 22:49:08,-6.64,-51.99,75,90,73.47,1.1
Owensboro,US,2020-05-06 22:49:08,37.77,-87.11,1,58,53.6,4.7
Taltal,CL,2020-05-06 22:49:09,-25.4,-70.48,4,72,59.99,2.59
Paamiut,GL,2020-05-06 22:49:09,61.99,-49.67,100,91,37.89,3.51
Pisco,PE,2020-05-06 22:49:09,-13.7,-76.22,100,82,66.2,1.12
Varberg,SE,2020-05-06 22:49:09,57.11,12.25,18,89,46.99,8.01
Kulhudhuffushi,MV,2020-05-06 22:49:09,6.62,73.07,85,76,84.45,5.79
Nānākuli,US,2020-05-06 22:49:09,21.39,-158.15,40,51,82.4,8.05
Mandera,KE,2020-05-06 22:49:09,3.94,41.87,48,74,77.49,11.23
Katsuura,JP,2020-05-06 22:49:10,35.13,140.3,20,42,69.01,14.99
Kurikka,FI,2020-05-06 22:49:10,62.62,22.42,0,89,34.0,4.7
Kruisfontein,ZA,2020-05-06 22:49:10,-34.0,24.73,0,94,54.95,4.34
Temuco,CL,2020-05-06 22:49:10,-38.73,-72.6,82,87,46.99,3.36
Woodward,US,2020-05-06 22:49:10,36.43,-99.39,1,42,64.4,9.17
Anadyr,RU,2020-05-06 22:49:11,64.75,177.48,0,95,32.0,35.79
Belaya Gora,RU,2020-05-06 22:49:11,68.53,146.42,88,98,30.29,5.64
Safita,SY,2020-05-06 22:49:11,34.82,36.12,48,80,59.0,3.0
Chapadinha,BR,2020-05-06 22:49:11,-3.74,-43.36,0,98,73.29,1.72
Gangtok,IN,2020-05-06 22:49:11,27.33,88.62,2,53,67.05,4.03
Athabasca,CA,2020-05-06 22:45:40,54.72,-113.29,2,55,55.81,5.5
Varkala,IN,2020-05-06 22:49:12,8.73,76.71,20,74,86.0,5.82
Narasannapeta,IN,2020-05-06 22:49:12,18.42,84.05,1,61,89.04,7.43
Korla,CN,2020-05-06 22:49:12,41.76,86.15,0,33,60.42,6.49
Seymchan,RU,2020-05-06 22:49:12,62.88,152.43,100,97,31.66,9.01
Basoko,CD,2020-05-06 22:49:12,1.24,23.62,100,91,72.52,1.12
Oriximiná,BR,2020-05-06 22:44:44,-1.77,-55.87,80,95,75.56,2.13
Olafsvik,IS,2020-05-06 22:49:12,64.89,-23.71,73,87,42.06,10.89
Dwārka,IN,2020-05-06 22:49:13,22.24,68.97,0,76,84.0,9.53
Kailua,US,2020-05-06 22:49:13,21.4,-157.74,75,54,84.2,12.75
São João da Barra,BR,2020-05-06 22:49:13,-21.64,-41.05,72,86,72.21,12.41
Semey,KZ,2020-05-06 22:49:13,50.41,80.23,0,61,50.0,4.47
Okhotsk,RU,2020-05-06 22:49:13,59.38,143.3,0,66,41.2,7.56
Lakselv,NO,2020-05-06 22:49:13,70.05,24.97,100,65,41.0,40.26
Salekhard,RU,2020-05-06 22:49:13,66.53,66.6,100,99,30.16,12.75
Abaetetuba,BR,2020-05-06 22:49:14,-1.72,-48.88,40,94,77.0,3.38
Ixtapa,MX,2020-05-06 22:49:14,20.7,-105.2,20,78,78.8,6.93
Tenosique,MX,2020-05-06 22:49:14,17.48,-91.43,99,84,77.49,2.24
Oistins,BB,2020-05-06 22:49:14,13.07,-59.53,40,74,80.6,23.04
Muros,ES,2020-05-06 22:49:14,42.78,-9.06,100,93,55.0,3.83
Pangody,RU,2020-05-06 22:49:14,65.85,74.49,100,97,23.59,6.2
Raudeberg,NO,2020-05-06 22:49:15,61.99,5.14,98,91,39.0,2.84
Rundu,NA,2020-05-06 22:49:15,-17.93,19.77,0,43,54.28,4.65
Lys'va,RU,2020-05-06 22:49:15,58.11,57.81,100,58,60.19,6.2
Valle de Santiago,MX,2020-05-06 22:46:16,20.38,-101.2,90,82,62.6,6.93
Wuzhou,CN,2020-05-06 22:49:15,23.48,111.32,50,64,88.86,7.78
Atherton,GB,2020-05-06 22:49:16,53.52,-2.49,0,66,46.99,1.99
Ivdel',RU,2020-05-06 22:49:16,60.69,60.42,29,59,59.38,4.12
Knysna,ZA,2020-05-06 22:49:16,-34.04,23.05,40,100,53.6,1.12
Provincia di Latina,IT,2020-05-06 22:49:16,41.45,13.1,21,81,62.01,1.99
Uarini,BR,2020-05-06 22:49:16,-2.99,-65.11,97,98,73.18,3.56
Nacala,MZ,2020-05-06 22:45:02,-14.54,40.67,25,85,72.03,11.92
Tazovsky,RU,2020-05-06 22:49:16,67.47,78.7,83,98,27.54,8.52
North Bend,US,2020-05-06 22:49:17,43.41,-124.22,1,66,59.0,20.8
Moerai,PF,2020-05-06 22:49:17,-22.43,-151.33,12,78,78.84,11.59
Kununurra,AU,2020-05-06 22:49:17,-15.77,128.73,28,24,89.6,6.93
Usinsk,RU,2020-05-06 22:49:17,65.99,57.53,99,98,43.18,13.6
Vryburg,ZA,2020-05-06 22:49:17,-26.96,24.73,0,44,49.95,3.71
Kalevala,RU,2020-05-06 22:49:17,65.2,31.17,17,95,31.95,4.83
Tam Ky,VN,2020-05-06 22:49:17,15.57,108.48,88,70,89.6,3.36
Altamirano,MX,2020-05-06 22:49:18,16.88,-92.15,82,100,58.26,1.3
Kwinana,AU,2020-05-06 22:49:18,-32.25,115.77,90,82,62.01,9.17
Balaipungut,ID,2020-05-06 22:49:18,1.05,101.28,20,74,84.2,6.93
Smithers,CA,2020-05-06 22:46:26,54.78,-127.17,40,30,57.2,18.34
Chkalovskoye,RU,2020-05-06 22:49:18,44.84,133.04,0,38,65.34,6.64
Miranda,CO,2020-05-06 22:49:18,3.25,-76.23,75,73,75.2,5.82
Mehamn,NO,2020-05-06 22:49:19,71.04,27.85,100,94,36.52,12.8
Monte Gordo,PT,2020-05-06 22:49:19,37.18,-7.45,100,52,69.8,8.05
Lewisporte,CA,2020-05-06 22:49:19,49.25,-55.05,90,93,35.6,9.17
Makat,KZ,2020-05-06 22:49:19,47.65,53.35,79,26,66.74,19.57
Huilong,CN,2020-05-06 22:49:19,31.81,121.66,0,79,70.0,3.0
Bundaberg,AU,2020-05-06 22:49:19,-24.85,152.35,40,53,80.01,14.99
Ubari,LY,2020-05-06 22:49:19,26.59,12.78,0,23,68.79,3.36
Nemuro,JP,2020-05-06 22:45:04,43.32,145.57,75,75,42.8,5.82
Alamosa,US,2020-05-06 22:49:20,37.47,-105.87,1,9,68.0,17.22
Dzhebariki-Khaya,RU,2020-05-06 22:49:20,62.22,135.8,100,61,46.33,4.03
Troitskoye,RU,2020-05-06 22:49:20,52.98,84.68,10,52,56.71,15.95
Beyneu,KZ,2020-05-06 22:49:20,45.32,55.2,98,37,66.07,22.1
Tessalit,ML,2020-05-06 22:44:31,20.2,1.01,0,16,78.33,1.77
Le Vauclin,MQ,2020-05-06 22:49:20,14.55,-60.84,75,78,80.6,12.75
Tombouctou,ML,2020-05-06 22:49:20,20.0,-3.0,0,21,89.31,7.29
Mujiayingzi,CN,2020-05-06 22:49:21,42.12,118.78,100,41,60.78,10.98
Hamilton,US,2020-05-06 22:49:21,39.18,-84.53,40,42,50.0,6.93
Panacan,PH,2020-05-06 22:49:21,9.25,118.41,20,66,91.4,4.7
Tucupita,VE,2020-05-06 22:47:21,9.06,-62.05,99,83,75.45,3.76
Menongue,AO,2020-05-06 22:49:21,-14.66,17.69,6,64,55.54,5.46
Tagajo,JP,2020-05-06 22:49:21,38.29,141.01,75,39,62.6,18.34
Qorveh,IR,2020-05-06 22:49:22,35.17,47.8,73,78,43.68,19.01
Keti Bandar,PK,2020-05-06 22:49:22,24.14,67.45,0,56,87.35,13.56
Buckeye,US,2020-05-06 22:45:00,33.37,-112.58,1,9,97.0,6.93
Bilma,NE,2020-05-06 22:49:22,18.69,12.92,0,15,81.77,7.81
Estelle,US,2020-05-06 22:49:22,29.85,-90.11,1,38,77.0,3.36
Lázaro Cárdenas,MX,2020-05-06 22:49:22,17.96,-102.2,0,79,75.52,3.56
Kuito,AO,2020-05-06 22:49:22,-12.38,16.93,26,71,57.72,5.44
Tigre,AR,2020-05-06 22:49:22,-34.43,-58.58,64,87,54.0,5.75
Vila Velha,BR,2020-05-06 22:49:23,-20.33,-40.29,99,83,75.2,8.05
Portland,US,2020-05-06 22:49:05,45.52,-122.68,20,38,60.8,11.41
Calvià,ES,2020-05-06 22:49:23,39.57,2.51,24,55,63.0,5.82
Nantucket,US,2020-05-06 22:49:23,41.28,-70.1,90,87,43.0,9.17
Oranjemund,NA,2020-05-06 22:49:23,-28.55,16.43,0,40,64.15,2.95
Dera Ghazi Khan,PK,2020-05-06 22:49:23,30.06,70.63,0,32,87.19,5.82
Coyhaique,CL,2020-05-06 22:49:24,-45.58,-72.07,100,93,48.2,8.05
Dukat,RU,2020-05-06 22:45:10,62.55,155.55,100,96,27.73,9.1
Bay Roberts,CA,2020-05-06 22:49:24,47.6,-53.26,100,8,37.0,1.01
Hauterive,FR,2020-05-06 22:49:24,46.09,3.45,50,93,48.2,2.24
Klaksvík,FO,2020-05-06 22:49:24,62.23,-6.59,73,75,44.6,13.87
Bam,IR,2020-05-06 22:49:24,29.11,58.36,100,18,84.58,8.88
Malinyi,TZ,2020-05-06 22:49:24,-8.93,36.13,65,90,69.24,1.1
Bereda,ES,2020-05-06 22:49:24,43.27,-7.54,100,100,51.01,0.87
Sitka,US,2020-05-06 22:49:25,57.05,-135.33,90,70,48.2,10.29
Ratnagiri,IN,2020-05-06 22:49:25,16.98,73.3,0,67,86.2,1.88
Boyuibe,BO,2020-05-06 22:49:25,-20.42,-63.28,2,51,50.76,6.49
Maceió,BR,2020-05-06 22:44:41,-9.67,-35.74,75,94,77.0,5.88
Pemangkat,ID,2020-05-06 22:49:25,1.17,108.97,1,67,86.63,3.49
Hammerfest,NO,2020-05-06 22:49:25,70.66,23.68,100,93,35.6,27.51
Artigas,UY,2020-05-06 22:49:26,-30.4,-56.47,11,85,45.37,6.2
Pierre,US,2020-05-06 22:45:44,44.37,-100.35,1,53,55.0,8.05
Soc Trang,VN,2020-05-06 22:49:26,9.6,105.98,40,74,87.8,5.82
Banes,CU,2020-05-06 22:49:26,20.96,-75.72,100,94,73.4,4.7
Pacific Grove,US,2020-05-06 22:49:26,36.62,-121.92,1,52,66.0,9.17
Tagusao,PH,2020-05-06 22:49:26,9.19,117.81,100,65,88.02,3.36
Buluang,PH,2020-05-06 22:49:26,13.31,123.34,31,50,93.58,5.55
Omboué,GA,2020-05-06 22:49:27,-1.57,9.26,67,91,78.78,4.81
Porto Torres,IT,2020-05-06 22:49:27,40.84,8.4,20,93,59.0,4.7
Bograd,RU,2020-05-06 22:49:27,54.23,90.83,100,66,48.2,15.66
Tiarei,PF,2020-05-06 22:49:27,-17.53,-149.33,99,65,82.4,10.29
Misratah,LY,2020-05-06 22:49:27,32.38,15.09,100,32,77.67,9.71
Cururupu,BR,2020-05-06 22:49:27,-1.83,-44.87,46,96,76.12,3.8
Caravelas,BR,2020-05-06 22:49:27,-17.71,-39.25,71,82,74.98,6.91
Seydişehir,TR,2020-05-06 22:49:27,37.42,31.85,3,69,48.67,3.51
Jinchang,CN,2020-05-06 22:49:28,38.5,102.17,100,44,52.02,15.88
Haines Junction,CA,2020-05-06 22:49:28,60.75,-137.51,100,46,51.22,5.26
Vardø,NO,2020-05-06 22:49:28,70.37,31.11,40,74,37.4,11.41
Pozoblanco,ES,2020-05-06 22:49:28,38.38,-4.85,100,82,59.0,3.36
Dondo,MZ,2020-05-06 22:49:29,-19.61,34.74,76,86,66.31,5.57
Yantal',RU,2020-05-06 22:49:29,56.85,105.25,100,67,46.09,10.54
Iranshahr,IR,2020-05-06 22:49:29,27.2,60.68,76,29,77.0,6.93
Podporozh'ye,RU,2020-05-06 22:49:29,60.91,34.17,100,76,44.56,2.57
Plouzané,FR,2020-05-06 22:49:29,48.38,-4.62,80,93,55.4,3.36
Gari,RU,2020-05-06 22:49:29,59.43,62.35,2,58,62.31,5.75
Jacqueville,CI,2020-05-06 22:49:29,5.21,-4.41,20,88,82.4,2.24
San Miguel de Cozumel,MX,2020-05-06 22:49:30,20.51,-86.95,90,83,82.99,8.05
Jilin,CN,2020-05-06 22:49:30,43.0,126.0,100,32,68.05,8.5
Buin,CL,2020-05-06 22:49:30,-33.73,-70.75,15,28,55.4,4.7
Koubia,GN,2020-05-06 22:49:30,11.58,-11.9,85,61,76.08,3.15
Tupã,BR,2020-05-06 22:49:30,-21.93,-50.51,100,97,61.83,8.1
Ganzhou,CN,2020-05-06 22:49:30,28.82,115.43,91,81,78.21,1.36
Hikari,JP,2020-05-06 22:49:30,33.95,131.95,75,45,66.2,14.99
Pangai,TO,2020-05-06 22:49:31,-19.8,-174.35,40,100,78.8,4.7
